线路名称,接驳站点数量,非接驳站点数量
通86路(地铁通州北苑站--怀柔火车站),43,0
通86路(怀柔火车站--通州北苑路口东),45,1
通21路(地铁九棵树站--曹庄村),35,1
42路(东四十条桥--广外甘石桥),27,1
专4路(樊家村公交场站--夏家胡同),6,1
311路(来广营西桥东--大运村公交场站),24,0
专81路(东小口村委会--世华泊郡小区),17,2
307路(巴沟村--龙域北街东口),33,0
通14路(黄厂铺村--通州北关),47,1
通73路(西马各庄村--地铁九棵树站),28,1
通73路(地铁九棵树站--西马各庄村),28,2
996路(地铁龙泽站--平西王府公交场站),22,0
993路(窦店公交场站--地铁西红门站),41,3
通19路(师姑庄村--大方居),41,0
935路-935路慢车(顺义半壁店--东直门外),24,0
通48路(兴惠艺术园区--地铁东夏园站),16,0
通49路(六合新村--运河明珠家园),17,1
通50路(张家湾凉水河桥北--地铁梨园站),10,0
通49路(运河明珠家园--六合新村),18,0
通18路(地铁万盛东站--平家疃路口),44,1
通18路(平家疃路口--曹园逸家小区),45,1
957路(北京站东街--大兴一职),49,1
957路(大兴一职--北京站东街),50,1
919路快车(京张路口北--德胜门),17,1
通28路(后堰上村--周营村南口),40,1
558路(霍营公交场站--溪城家园),25,0
558路(溪城家园--霍营公交场站),24,0
484路(北苑家园--北医三院),20,0
457路(劲松--豆各庄公交场站),22,1
894路(夏威夷蓝湾小区--地铁潞城站),18,0
894路(地铁潞城站--夏威夷蓝湾小区),17,0
夜5路(北京站东--城通街),42,1
969路(地铁西局站--海子角),42,2
969路(海子角--地铁西局站),41,3
968路(海子角--莲花池南路),23,0
968路(莲花池南路--海子角),25,0
通60路(城铁北苑站--梨园北街),22,0
通58路(环湖小区--东夏园路口南),10,0
通58路(东夏园路口南--环湖小区),10,0
通53路(地铁梨园站--苍头村),18,0
319路(大运村公交场站--南七家),35,1
专193路(良庄家园--小辛庄村),10,0
专193路(小辛庄村--良庄家园),10,0
833路(河北镇辛庄--送变电公司路口西),43,1
816路(郎家园--大厂),43,1
817路(大厂--郎家园),33,0
830路(菜户营桥西--怪村公交场站),36,1
82路(国家体育场东--前门),26,0
82路(前门--国家体育场东),26,0
938路(安平香汐花园--通州西站),48,1
938路(通州西站--安平香汐花园),47,1
896路(梨村公交场站--七里庄),37,0
646路(城南嘉园北--阎村桥公交场站),43,0
通90路(凤河营--城铁北苑站),29,5
809路(大北窑南--佰富苑),26,0
539路(颐和园西门--万柳中路北口),13,1
539路(万柳中路北口--颐和园西门),14,1
43路(五间楼--团结湖),23,0
通37路(王辛庄村--地铁通州北关站),21,1
通63路(古庄--隆盛工业园),13,0
通63路(隆盛工业园--古庄),12,1
341路(青云店公交场站--德茂桥东),19,0
专66路高峰(巩华新村--地铁巩华城站),7,3
通1路(岗山路口--通州北苑路口西),28,3
专188路(开发区交通服务中心--科谷二街),11,1
985路(牌坊村东口--甜水园西里),30,1
通19路(大方居--师姑庄村),41,1
314路(昌平东关--长陵),18,0
通23路(永乐店--紫峰九院城),14,1
919路(体育场小区--德胜门),27,2
695路(动物园枢纽站--时代庄园北站),36,0
夜15路(北京南站南广场--北京西站南广场),14,0
通40路(漷城西四路--地铁九棵树站),37,2
337路(公主坟西--石景山),22,0
938路快车(香河总站--大北窑南),15,2
939路(三元桥东站--沙子营公交场站),25,0
专200路(孙河公交场站--孙河公交场站),3,11
通9路(永乐店镇--城铁九棵树站),56,3
537路(兴寿北站--天通苑北枢纽站),14,1
537路(天通苑北枢纽站--兴寿北站),13,2
通10路(城铁北苑站--后伏村),40,3
951路(坨里--地铁八宝山站),60,1
通23路(紫峰九院城--永乐店),14,1
专150路(地铁八宝山站--融景城公交场站),8,0
专146路(槐树岭公交场站--槐树岭公交场站),5,5
专150路(融景城公交场站--地铁八宝山站),11,0
74路(菜户营西路--颐和园新建宫门),28,0
615路(刘庄北站--神路街),37,0
615路(神路街--刘庄北站),38,1
614路(单村--万柳中路北口),38,0
专90路(西店--鹿海园公交场站),12,3
582路(怡乐南街公交场站--地铁通州北关站),25,0
987路(地铁望京西站--云佛山滑雪场),48,0
915路(东直门外--南彩汽车站),46,1
915路(南彩汽车站--东直门外),47,1
通72路(坨堤村--地铁九棵树站),23,2
通69路(杨秀店--同济南路北站),20,1
通66路(万源街西口--神驹村),31,0
575路(西辛力屯--地铁安河桥北站),30,0
618路(月坛体育场--龙锦苑东五区南门),44,0
专3路(丰北桥东--莲花桥),9,0
通71路(曹园逸家小区--紫运园小区),30,0
379路(左家庄--育新小区),34,0
571路(朝新嘉园--地铁望京西站),31,0
通68路(日光清城--温馨家园),38,0
通1路(通州北苑路口西--岗山路口),28,4
通13路(尹家河村--城铁九棵树站),44,1
专186路(鹿海园三里--瀛吉街),12,0
928路(来广营北--成府路口南),24,1
通11路(城铁北苑站--董村),40,4
专153路(永定门外--永定门外),10,4
818路(郎家园--天洋城总站),15,1
341路(德茂桥东--青云店公交场站),18,1
通70路-通勤(微)70路(疃里一区南门--地铁通州北关站),19,0
941路(石龙西公交场站--莲花池南路),55,2
941路(莲花池南路--石龙西公交场站),57,2
948路(地铁苹果园站--大安山矿),42,2
948路(大安山矿--地铁苹果园站),41,2
978路(丰台河西村--云岗),17,3
379路(育新小区--左家庄),35,0
880路快(地铁回龙观站--沙城客运站),2,0
专179路(草桥东路北口--青秀城东区),7,1
专179路(青秀城东区--草桥东路北口),6,0
523路(科创十六街--地铁荣京东街站),18,0
523路(地铁荣京东街站--科创十六街),19,1
813路(邓家窑桥北--上上城五期),23,0
926路(采育公交场站--地铁旧宫站),42,2
813路(上上城五期--邓家窑桥北),23,0
466路(地铁北苑站--中关村南),24,2
919路快车(德胜门--京张路口北),16,1
926路(地铁旧宫站--采育公交场站),42,2
928路(成府路口南--来广营北),24,0
927路(南刘庄--旧宫北路东口),46,0
927路(亦庄桥北--南刘庄),46,0
通53路(苍头村--地铁梨园站),18,0
664路(地铁苹果园公交场站--厢白旗桥),30,0
通39路(于辛庄村--大沙务村),7,1
通39路(大沙务村--于辛庄村),8,0
通42路(兴隆庄村--小屯村),24,1
851路(东窑村--地铁望京西站),36,0
855路(马坡花园--地铁望京站),47,6
857路(沙子营公交场站--蟹岛度假村东门),20,2
19路(动物园枢纽站--翠林小区),22,1
通42路(小屯村--兴隆庄村),24,2
专107路(北苑家园--溪城家园),9,0
667路(大北窑东--刘庄北站),16,0
通69路(同济南路北站--杨秀店),20,1
848路(大北窑南--海子角),28,0
846路(杨秀店公交场站--大北窑南),33,1
848路(海子角--大北窑南),29,0
专199路(地铁首经贸站--地铁首经贸站),3,2
824路(地铁草房站东--佰富苑),17,0
824路(佰富苑--地铁草房站),19,1
826路(地铁荣昌东街站--采四小区),24,9
826路(采四小区--地铁荣昌东街站),23,2
827路(刘家窑桥西--大兴西庄),49,1
3路(东直门枢纽站--金家村桥东),34,0
通8路(北京物资学院--关辛庄村),32,1
868路(云佛山滑雪场--于家园),48,0
专86路(京原路口东--融景城公交场站),10,0
通62路(新城乐居--陈列馆路),27,0
通44路(疃里二区--通州区中医医院),25,0
110路(天桥--地铁柳芳站),29,1
902路(苏家坨公交场站--地铁西二旗站南),22,1
通87路(城铁北苑站--大兴桥北),28,3
专187路(地铁荣昌东街站--开发区交通服务中心),18,22
通31路(隆盛产业园--前银子村),19,1
通6路(潞阳桥西路--北京物资学院),27,0
通4路(高楼金村--怡乐中街),31,0
通3路(通州北苑路口西--平家疃村),30,0
45路(阜成门内--三路居公交场站),23,1
通41路(大灰店村--陈桁村),73,1
327路(城通街--槐树岭公交场站),22,0
通56路(地铁经海路站--东惠家园东),16,1
通38路(通州小街桥东--协各庄村),23,2
327路(槐树岭公交场站--城通街),23,1
329路(晓月苑公交场站--李家峪北),27,0
通2路(地铁通州北苑站--港北村),31,0
329路(李家峪北--晓月苑公交场站),26,0
通66路(神驹村--万源街西口),31,0
589路(环球度假区--疃里公交场站),24,3
589路(疃里公交场站--环球度假区),25,1
夜26路(天通北苑--和平东桥),34,0
978路(云岗--丰台河西村),17,3
394路(韩家川--北京西站),22,2
专36路(地铁传媒大学站南--地铁传媒大学站南),1,11
919路(德胜门--体育场小区),26,6
通67路(漷城西四路--地铁同济南路站),46,0
934路(窦店公交场站--海子角),50,3
934路(海子角--窦店公交场站),51,3
818路(天洋城总站--大北窑南),15,1
460路(小辛庄村--小辛庄村),24,7
459路(丽泽桥--南宫迎宾路),35,0
458路(南宫迎宾路南站--北京南站),46,0
459路(南宫迎宾路--丽泽桥),35,0
通8路(关辛庄村--北京物资学院),31,1
961路(大瓦窑公交场站--西老店公交场站),43,0
667路(刘庄北站--大北窑东),17,0
805路快(小甸屯南--大北窑南),10,0
805路快(庆丰公园--廊坊),20,0
917路快车(欧美亚汽车城--北京西站南广场),60,3
917路快车(北京西站南广场--欧美亚汽车城),60,3
369路(地铁新宫站--黄村火车站),30,0
专121路(二拨子新村--地铁回龙观站),12,0
通43路(地铁通州北苑站--临沟屯村),44,0
575路(地铁安河桥北站--西辛力屯),30,0
专173路(京东运乔建材城--日新路南口),16,1
专173路(日新路南口--京东运乔建材城),15,1
566路(胡家垡--万盛南街),16,3
通67路(同济南路地铁站--漷城西四路),45,0
通51路(地铁通州北苑站--西马庄小学),5,2
专182路(润枫领尚小区--科创十四街西站),24,1
专207路(地铁嘉会湖站--次渠),11,2
专207路(次渠--地铁嘉会湖站),11,2
576路(宋家庄枢纽站--南小街西里),19,0
579路(杏坛路南口--西苑),20,1
专61路(拾景北路--石景山),11,0
专61路(石景山--拾景北路),10,1
617路(来广营北--地铁生命科学园站西),36,0
644路(中央党校北门--大瓦窑公交场站),45,0
644路(大瓦窑公交场站--中央党校北门),40,0
685路(博兴一路北口--樊家村公交场站),45,0
685路(樊家村公交场站--博兴一路北口),45,0
通22路(通州北苑路口南--鲁城村西口),49,2
通45路(东堡村--运河中学高中部),27,1
通2路(港北村--地铁通州北苑站),33,1
971路(六里桥东站--首发物流),18,0
971路(首发物流--六里桥东站),17,0
56路(动物园枢纽站--大观园公交场站),21,0
通44路(通州区中医医院--疃里二区),22,0
988路(马泉营--四惠枢纽站),29,0
985路(甜水园西里--牌坊村东口),30,2
通6路(北京物资学院--潞阳桥西路),28,0
通7路(周坡庄村委会--疃里),36,1
通7路(疃里--周坡庄村委会),36,1
通5路(姚辛庄村--地铁九棵树站),27,0
通9路(城铁九棵树站--永乐店镇),55,1
372路(日新路南口--怡乐南街公交场站),28,0
372路(怡乐南街公交场站--日新路南口),27,1
466路(中关村南--地铁北苑站),26,0
827路(大兴西庄--刘家窑桥西),49,1
通31路(前银子村--隆盛工业园),19,3
通10路(后伏村--地铁通州北苑站),42,0
987路(云佛山滑雪场--地铁望京西站),48,0
384路(西玉河公交场站--中关村一街),26,0
384路(中关村一街--西玉河公交场站),25,1
夜11路(龙潭公园--翠林小区),20,0
通5路(地铁九棵树站--姚辛庄村),27,0
879路(定陵--八达岭长城),24,0
501路(草桥--南苑机场),22,0
通56路(东惠家园东--地铁经海路站),17,1
437路(公主坟北--地铁安河桥北站),29,0
437路(地铁安河桥北站--公主坟北),28,1
809路(佰富苑--大北窑南),32,0
811路(通州北苑路口东--燕郊总站),21,0
814路(大北窑南--上上城五期),8,0
通72路(地铁九棵树站--坨堤村),23,2
通12路(城铁北苑站--房辛店),40,1
专172路(万盛南街--怡乐南街公交场站),9,0
659路(酒仙桥公交场站--黎各庄),34,0
812路(燕郊总站--八王坟西),13,0
812路(八王坟西--燕郊冶金一局),12,0
810路(通州西站--香河总站),51,2
810路(香河总站--通州西站),52,0
838路(地铁六里桥站--涿州开发区),18,5
838路(涿州开发区总站--六里桥南),21,5
828路-828路大站快车(浙商新城--永定门汽车站),40,4
561路(西直河西站--大北窑南),21,7
专111路(老山西街--吴庄公交场站),15,0
通21路(曹庄村--地铁九棵树站),35,1
625路(德胜门--二拨子新村),28,0
828路-828路大站快车(永定门汽车站--浙商新城),40,4
通45路(运河中学高中部--东堡村),29,2
专152路(苹果园南路东口--城通街),15,1
专152路(城通街--苹果园南路东口),14,2
专148路(石景山科技园--城通街),14,0
专148路(城通街--石景山科技园),14,0
通22路(鲁城村西口--通州北苑路口南),47,2
通68路(温馨家园--日光清城),38,0
905路(双兴苑公交场站--慧忠里),28,2
通71路(紫运园小区--曹园逸家小区),29,0
905路(慧忠里--双兴苑公交场站),29,0
319路(南七家--大运村公交场站),36,1
通37路(地铁通州北关站--王辛庄村),21,1
314路(长陵--昌平东关),18,0
975路(杨秀店公交场站--十里河桥南),16,0
833路(送变电公司路口西--河北镇辛庄),42,1
973路(东窑村--大瓦窑公交场站),72,0
通43路(临沟屯村--地铁通州北苑站),44,0
369路(黄村火车站--地铁新宫站),29,1
通41路(陈桁村--大灰店村),76,1
通40路(地铁九棵树站--漷城西四路),38,1
通3路(平家疃村--通州北苑路口西),29,1
通4路(怡乐中街--高楼金村),33,0
499路(地铁草房站--燕莎桥南),32,0
318路(香泉环岛--城通街),28,1
484路(北医三院--北苑家园),19,0
318路(城通街--香泉环岛),26,1
817路(郎家园--大厂),34,0
专9路(地铁科怡路站--怡海花园西门),3,5
专107路(溪城家园--北苑家园),7,0
448路(前沙涧村--水岸家园南),14,0
389路(鲁谷公交场站--刘娘府北街北口),27,0
94路(塔院小区南门--公主坟东),18,0
448路(水岸家园南--前沙涧村),15,0
通60路(玉桥中学--城铁北苑站),22,1
专54路(地铁稻香湖路站--温泉北站),9,0
专145路内环(公益桥东--公益桥东),16,1
专27路(丽泽桥(临时站)--达官营),13,0
专202路(刘家窑桥西--刘家窑桥西),12,2
935路-935路慢车(东直门外--顺义半壁店),25,0
961路(西老店公交场站--大瓦窑公交场站),43,0
695路(时代庄园北站--动物园枢纽站),33,0
896路(七里庄--梨村公交场站),36,1
924路(土桥公交场站--南彩汽车站),54,1
924路(南彩汽车站--土桥公交场站),54,1
993路(地铁西红门站--窦店公交场站),40,3
681路(海淀中街--龙锦苑公交场站),42,1
675路(左家庄--通州李庄),43,0
专188路(科谷二街--开发区交通服务中心),11,0
959路(大瓦窑公交场站--石厂村),63,1
517路(地铁草房站--四惠枢纽站),28,0
846路(大北窑南--杨秀店公交场站),32,1
450路(来广营北--田村半壁店东),46,0
450路(田村半壁店东--来广营北),47,0
565路(怪村公交场站--地铁园博园站),22,2
565路(地铁园博园站--怪村公交场站),21,2
通90路(地铁通州北苑站--凤河营),33,2
专39路(五里桥--杨闸),17,0
328路(和平东桥--冷泉公交场站),25,0
328路(冷泉公交场站--和平东桥),26,0
通38路(协各庄村--通州小街桥东),23,6
938路快车(庆丰公园--香河总站),16,1
573路(永旭嘉园--鹿海园公交场站),16,1
959路(石厂村--大瓦窑公交场站),62,1
973路(大瓦窑公交场站--东窑村),71,0
552路(万盛南街--通州李庄),32,0
夜2路(祁家豁子--万源路),40,0
311路(大运村公交场站--来广营西桥东),25,0
通64路(青山--地铁九棵树站),28,0
1路(四惠枢纽站--老山公交场站),29,0
943路(霸州火车站--永定门汽车站),39,10
951路(地铁八宝山站--坨里),61,1
952路(水墨林溪公交场站--四季青桥南),48,1
952路(四季青桥南--水墨林溪公交场站),47,0
通11路(董村--地铁通州北苑站),40,2
77路(外文印刷厂西门--晓月苑小区),31,0
专4路(夏家胡同--樊家村公交场站),7,1
469路(地铁海淀五路居站--颐和园西门),23,0
夜20路外(北官厅--北官厅),44,1
816路(大厂--郎家园),42,1
夜5路(城通街--北京站东),41,0
608路(中关村一街--地铁生命科学园站西),36,0
专182路(科创十四街西站--润枫领尚小区),23,2
807路(土桥公交场站--大北窑南),27,0
930路(三河总站--郎家园),37,1
通51路(西马庄小学--地铁通州北苑站),4,0
通50路(地铁梨园站--张家湾凉水河桥北),10,0
通26路(靓景名居小区--鑫隅三街),48,2
通26路(鑫隅三街--靓景名居小区),49,0
814路(上上城五期--大北窑南),8,0
447路(地铁上地站--西玉河公交场站),17,0
937路(西胡林--西红门公交场站),29,18
通14路(通州北关--黄厂铺村),47,1
394路(北京西站--韩家川),23,1
43路(团结湖--五间楼),21,0
955路(岗山村南站--东方太阳城),30,2
955路(东方太阳城--岗山村南站),31,2
专54路(温泉北站--地铁稻香湖路站),9,0
692路(先农坛--丰葆路东口),25,1
692路(丰葆路东口--永定门内),23,0
642路(土楼村--水岸家园南),22,0
659路(黎各庄--酒仙桥公交场站),35,0
642路(水岸家园南--土楼村),22,0
专186路(瀛吉街--鹿海园三里),12,0
646路(阎村桥公交场站--城南嘉园北),43,0
566路(万盛南街--胡家垡),16,2
608路(地铁生命科学园站西--中关村一街),36,0
通12路(房辛店--地铁通州北苑站),41,1
598路(张仪村南站--刘娘府北街北口),28,0
夜29路(北京站东--东小营公交场站),38,0
专66路高峰(地铁巩华城站--巩华新村),6,2
109路(东大桥公交场站--北京西站南广场),27,0
109路(北京西站南广场--东大桥公交场站),24,2
专109路(田村--鲁谷公交场站),11,0
专109路(鲁谷公交场站--田村),11,0
492路(亦庄桥南--博兴一路北口),24,0
492路(博兴一路北口--亦庄桥南),25,0
专183路(鹿海园五里东门--鹿海园四里南门),25,0
专183路(鹿海园四里南门--鹿海园五里东门),23,0
819路(地铁潞城站--诸葛店),21,0
819路(诸葛店--地铁潞城站),22,0
820路(大地公交场站--莲花池南路),38,0
820路(莲花池南路--大地公交场站),39,0
821路(小周易村--方庄南口),41,1
821路(方庄南口--小周易村),41,1
825路(地铁旧宫站--地铁公益西桥站),19,0
825路(地铁公益西桥站--地铁旧宫站),17,0
829路(思邈路--刘家窑桥西),51,2
829路(刘家窑桥西--思邈路),52,2
830路(怪村公交场站--菜户营西站),34,2
831路(燕化星城一里--燕山东岭),29,2
831路(燕山东岭--燕化星城一里),28,1
832路(莲花池汽车站--梨村公交场站),30,6
832路(梨村公交场站--六里桥东站),28,6
836路(北京西站南广场--大韩继公交场站),21,0
836路(大韩继公交场站--北京西站南广场),23,0
837路(东坟公交场站--车厂村北),25,0
837路(车厂村北--东坟公交场站),25,0
895路(梨村公交场站--莲花池),16,3
895路(莲花池--梨村公交场站),16,3
839路(刘家窑桥西--东坟公交场站),37,0
839路(东坟公交场站--刘家窑桥西),38,0
840路(七里庄--马村公交场站),54,2
840路(马村公交场站--七里庄),54,2
843路(六里桥北里--大灰厂西站),20,0
843路(大灰厂西站--六里桥北里),19,1
845路(狼垡--益泽路),26,1
845路(丰益桥西--狼垡),26,0
847路(孙河公交场站--马甸桥西),48,0
847路(北太平桥东--孙河公交场站),47,0
849路(永定门汽车站--固安西站),32,1
849路(固安西站--永定门汽车站),32,1
850路(马坡花园--东直门),47,0
850路(东直门--马坡花园),46,0
850路快车(马坡花园--东直门),36,0
850路快车(东直门--马坡花园),36,0
851路(地铁望京西站--东窑村),32,0
852路(东直门枢纽站--平谷汽车站),20,1
852路(平谷汽车站--东直门枢纽站),18,3
854路(孙河公交场站--地铁望京西站),26,0
854路(地铁望京西站--孙河公交场站),28,0
855路(地铁望京站--马坡花园),49,5
856路(兴寿北站--南彩汽车站),50,4
856路(南彩汽车站--兴寿北站),48,5
860路(天通苑北枢纽站--曹碾),19,0
860路(曹碾--天通苑北枢纽站),20,0
864路(地铁北苑站--东洲家园),10,0
864路(东洲家园--地铁北苑站),10,0
865路(小红门牌坊村--四惠枢纽站),14,1
865路(四惠枢纽站--小红门牌坊村),13,2
866路(地铁望京西站--怀柔汽车站),8,0
866路(怀柔汽车站--地铁望京西站),8,0
870路(兴寿北站--南口西站),35,1
870路(南口西站--兴寿北站),36,1
871路(生命科学园东站--曹碾),36,0
871路(曹碾--生命科学园东站),36,0
872路(德胜门--长陵),15,0
872路(长陵--德胜门),15,0
875路(绿谷雅园小区--北京射击场东站),13,0
875路(北京射击场东站--绿谷雅园小区),11,0
877路(德胜门--八达岭长城),2,0
877路(八达岭长城--德胜门),2,0
878路(生命科学园东站--定陵),33,0
878路(定陵--生命科学园东站),33,0
879路(八达岭长城--定陵),25,0
880路(沙城客运站--地铁朱辛庄站),41,10
880路(朱辛庄公交场站--沙城客运站),42,8
880路快(沙城客运站--地铁回龙观站),2,0
883路(德胜门西--南口西站),23,0
883路(南口西站--德胜门西),19,0
885路(德胜门西--昌平何营),21,0
885路(昌平何营--德胜门西),17,0
886路(德胜门西--北京蟒山森林公园),15,0
886路(北京蟒山森林公园--德胜门西),15,0
887路(南口北站--地铁回龙观站),40,0
887路(地铁回龙观站--南口北站),40,1
889路(德胜门西--昌平何营),25,1
889路(昌平何营--德胜门西),22,0
890路(北京西站南广场--下苇甸),43,2
890路(下苇甸--北京西站南广场),42,0
891路外环(德露苑公交场站--德露苑公交场站),26,5
891路内环(德露苑公交场站--德露苑公交场站),27,4
892路(洪水口--地铁苹果园站),68,3
892路(地铁苹果园站--洪水口),69,2
901路(燕山东岭--六里桥北里),34,1
901路(六里桥北里--燕山东岭),31,2
901路快车(前门西--燕山东岭),18,0
901路快车(燕山东岭--前门西),21,0
909路(土井村西口--地铁上地站),19,0
909路(地铁上地站--土井村西口),20,0
914路(体育场南路东口--福田公墓路),19,0
914路(福田公墓路--体育场南路东口),22,0
915路快(南彩汽车站--东直门外),24,0
915路快(东直门外--南彩汽车站),25,0
916路(怀柔汽车站--东直门枢纽站),45,2
916路(东直门--怀柔汽车站),46,1
916路快车(怀柔汽车站--东直门枢纽站),20,0
916路快车(东直门枢纽站--怀柔汽车站),19,0
917路(北京西站南广场--张坊公交场站),52,6
917路(张坊公交场站--北京西站南广场),52,6
918路(东直门枢纽站--兴谷路公交场站),39,12
918路(兴谷路公交场站--东直门枢纽站),39,12
922路(朝凤庵村--天通苑北枢纽站),49,0
922路(天通苑北枢纽站--朝凤庵村),47,1
925路(长陵--延庆南菜园),46,5
925路(延庆南菜园--长陵),46,5
929路(千军台--地铁苹果园站),52,0
929路(地铁苹果园站--千军台),51,0
930路(郎家园--三河总站),38,1
931路(潭柘寺--地铁苹果园站),31,0
931路(地铁苹果园站--潭柘寺),31,0
933路(国展新馆公交场站--天通苑北枢纽站),26,3
933路(天通苑北枢纽站--国展新馆公交场站),27,2
935路快车(东直门外--英各庄),19,0
935路快车(英各庄--东直门外),17,0
936路(丰宁客运站--来广营路口西),3,0
936路(来广营路口北--丰宁客运站),2,1
937路(西红门公交场站--西胡林),29,18
939路(沙子营公交场站--三元桥东站),24,3
941路快车(中门寺生态园--莲花池南路),44,0
941路快车(莲花池南路--中门寺生态园),45,0
942路(孙河公交场站--顺义古城公交场站),19,0
942路(顺义古城公交场站--孙河公交场站),19,0
942路快车(东直门外--茶坞火车站),31,5
942路快车(茶坞火车站--东直门外),32,6
943路(永定门汽车站--霸州火车站),39,10
944路(奶子房公交场站--安贞桥西),38,0
944路(安贞桥西--奶子房公交场站),39,0
945路(南彩汽车站--沙河),37,14
945路(沙河--南彩汽车站),38,13
946路(地铁新宫站--地铁大兴新城站),15,3
946路(地铁大兴新城站--地铁新宫站),16,3
954路(大兴一职--刘家窑桥西),43,0
954路(刘家窑桥西--大兴一职),43,1
958路(龙潭公园--雍王府),56,1
958路(雍王府--龙潭公园),54,2
960路(西辛房西--石厂村),26,0
960路(石厂村--西辛房西),26,0
962路(解放村桥东--朝凤庵村),17,8
962路(朝凤庵村--解放村桥东),17,8
963路(龙泉驾校--龙域北街东口),26,0
963路(龙域北街东口--龙泉驾校),26,0
964路(云岗北区--晓幼营),13,1
964路(晓幼营--云岗北区),12,2
965路(中门寺生态园--京原东站),34,0
965路(京原东站--中门寺生态园),34,0
966路(平西王府公交场站临时站--东直门),51,1
966路(东直门--平西王府公交场站临时站),50,0
967路(花园桥南--狼垡东桥北),35,0
967路(狼垡东桥北--花园桥南),34,0
970路(密云汽车站--地铁俸伯站),30,8
970路(地铁俸伯站--密云汽车站),30,8
970路快车(地铁望京西站--密云汽车站),21,0
970路快车(密云汽车站--地铁望京西站),21,0
972路(矿建街北口--雍王府),36,0
972路(雍王府--矿建街北口),35,0
975路(十里河桥南--杨秀店公交场站),16,1
976路(盛林苑公交场站--大北窑南),44,2
976路(大北窑南--盛林苑公交场站),45,1
977路快(冯村公交场站--公主坟北),24,0
977路快(公主坟北--冯村公交场站),24,0
977路(菜户营桥西--冯村公交场站),62,0
977路(冯村公交场站--菜户营桥西),62,0
980路(密云汽车站--东直门枢纽站),54,0
980路(东直门枢纽站--密云汽车站),54,0
980路快车(密云汽车站--东直门枢纽站),21,1
980路快车(东直门枢纽站--密云汽车站),20,1
981路(紫金路南站--常青园西门),40,3
981路(常青园西门--紫金路南站),42,3
982路(土井村西口--北京西站南广场),51,0
982路(北京西站南广场--土井村西口),53,0
983路(中关村一街--丰台河西村),39,0
983路(丰台河西村--中关村一街),41,0
984路(立水桥北站--九华山庄),16,1
984路(九华山庄--立水桥北站),17,0
986路(方庄桥东--大地公交场站),29,0
986路(大地公交场站--方庄桥东),30,0
988路(四惠枢纽站--马泉营),29,0
989路(四惠枢纽站--顺义半壁店),27,2
989路(顺义半壁店--四惠枢纽站),27,2
990路(小红门牌坊村--地铁公益西桥站),25,0
990路(地铁公益西桥站--小红门牌坊村),25,1
991路(孙河公交场站--亮马厂西口),38,1
991路(亮马厂西口--孙河公交场站),38,0
992路(西辛房西--京原东站),28,4
992路(京原东站--西辛房西),29,4
996路(平西王府公交场站(临时站)--地铁龙泽站),22,0
997路(经海二路公交场站--莲花池南路),40,1
997路(莲花池南路--经海二路公交场站),41,1
专181路外环(开发区交通服务中心--开发区交通服务中心),23,1
专181路内环(开发区交通服务中心--开发区交通服务中心),23,1
专184路(宏达南路北口--科创街),20,1
专184路(科创街--开发区交通服务中心),17,1
专185路(科创九街西口--开发区交通服务中心),23,0
专185路(开发区交通服务中心--科创九街西口),23,0
专11路(翠谷玉景苑小区--鲁谷公交场站),9,0
专12路环线高峰(五道口公交场站--五道口公交场站),6,6
专20路(清河营公交场站--金茂悦小区北门),11,6
专21路高峰(龙锦苑公交场站--霍营公交场站),10,0
专21路高峰(霍营公交场站--龙锦苑公交场站),10,0
专22路环线高峰(望和桥--望和桥),7,2
专25路(灵秀山庄东站--地铁旧宫站),6,0
专25路(地铁旧宫站--灵秀山庄东站),6,0
专27路(达官营--丽泽桥),12,0
专44路(观林园小区北门--双泉堡东),12,0
专44路(双泉堡东--观林园小区北门),11,2
669路(万盛北街--大北窑南),20,0
669路(大北窑南--万盛北街),20,0
670路(德胜门西--善缘小区),20,0
670路(善缘小区--德胜门西),19,0
671路(四惠枢纽站--西苑),29,0
671路(西苑枢纽站--四惠枢纽站),29,0
672路(郁金香花园南门--燕莎桥南),26,0
672路(燕莎桥南--郁金香花园南门),27,0
675路(通州李庄--左家庄),41,0
676路(振亚庄--长椿街路口西),34,0
676路(长椿街路口西--振亚庄),31,2
678路(永合庄--海户屯),29,0
678路(海户屯--永合庄),28,1
679路(木樨园--桂村),24,1
679路(桂村--木樨园桥北),25,2
680路(上林苑小区--金蝉南里),32,1
680路(金蝉南里--上林苑小区),32,1
681路(龙锦苑公交场站--海淀中街),40,2
682路(阜安西路--青年路小区),25,0
682路(青年路小区--阜安西路),27,0
84路(宋家庄枢纽站--惠新东桥西),43,0
84路(惠新东桥南--宋家庄枢纽站),40,0
693路(育新小区--阜永路口西),40,0
693路(阜永路口西--育新小区),37,0
694路(嘉铭园公交场站--六圈路西口),31,0
694路(六圈路西口--嘉铭园公交场站),31,0
696路(国展新馆公交场站--芍药居公交场站),27,0
696路(芍药居公交场站--国展新馆公交场站),27,0
698路(香泉环岛--公主坟),27,0
698路(公主坟--香泉环岛),27,0
804路(杨洼--北京站东),48,1
804路(北京站前街--杨洼),49,3
805路(通州北苑路口西--廊坊站),46,0
805路(廊坊--通州北苑路口西),47,0
806路(太玉园公交场站--大北窑南),24,0
806路(大北窑南--太玉园公交场站),24,0
807路(大北窑南--土桥公交场站),26,0
808路(大北窑南--佰富苑),28,0
808路(佰富苑--大北窑南),29,0
810路快线(大郊亭桥东--富力新城),3,0
810路快线(富力新城--大郊亭桥东),3,0
811路(燕郊总站--通州北苑路口东),21,0
815路快(八王坟东--诸葛店),11,0
815路快(诸葛店--郎家园),11,0
1路(老山公交场站--四惠枢纽站),28,0
夜1路(四惠枢纽站--老山公交场站),33,0
夜1路(老山公交场站--四惠枢纽站),32,0
2路(宽街路口南--双庙),27,0
2路(双庙--宽街路口南),26,0
专74路(地铁沙河高教园站--高教园北三街东站),8,1
专2路(天坛体育场--北京站东),11,0
专2路(北京站东--天坛体育场),10,0
142路(丽泽桥北--炎黄艺术馆),31,0
夜2路(万源路--祁家豁子),39,0
142路(炎黄艺术馆--丽泽桥),32,0
3路(金家村桥东--东直门枢纽站),34,0
专3路(莲花桥--七里庄),9,0
夜3路(青年路小区--地铁海淀五路居站),43,0
夜3路(海淀五路居--青年路小区),43,0
90路(造甲村东--天坛西门),18,0
90路(天坛西门--造甲村东),16,0
4路(青塔西路北站--大西洋新城南门),56,2
4路(大西洋新城南门--青塔西路北站),53,0
夜4路(菜户营桥东--安宁庄东路南口),41,0
夜4路(安宁庄东路南口--菜户营桥东),42,0
5路(菜户营桥--北土城公交场站),36,3
5路(北土城公交场站--菜户营桥),33,2
6路(六里桥东公交场站--龙潭公园),21,0
6路(龙潭公园--六里桥东),21,0
专6路(西直门--阜成门),6,1
专6路(阜成门--西直门),6,2
夜6路(青年路小区--国家体育馆),39,0
夜6路(国家体育馆--青年路小区),39,0
7路(五间楼--动物园枢纽站),29,1
7路(动物园枢纽站--五间楼),28,5
专7路(安定门--安定门),3,4
137路(怡海花园西门--前门),21,0
137路(前门--怡海花园西门),29,0
夜7路(平乐园北--韩庄子北),44,0
夜7路(韩庄子北--平乐园北),45,0
8路(前门--金蝉西路南口),32,0
8路(金蝉西路南口--前门),29,0
专8路(祁家豁子--祁家豁子),11,4
夜8路(小马厂--地铁北宫门站),35,0
夜8路(地铁北宫门站--小马厂),35,0
9路(金家村桥东--金台路口西),21,2
9路(金台路口西--金家村桥东),24,0
夜9路(巴沟村--慧忠里),22,0
夜9路(慧忠里--巴沟村),23,0
10路(南菜园--航天桥东),22,0
10路(航天桥东--南菜园),21,0
专10路(弘燕公交场站--大北窑南),17,0
610路(西苑枢纽站--鲁谷公交场站),33,0
610路(鲁谷公交场站--西苑),32,0
专10路(大北窑南--弘燕公交场站),15,0
夜10路外(东直门--东直门),45,3
夜10路内(东直门--东直门),46,3
11路(大北窑东--孛罗营),21,0
11路(孛罗营--大北窑东),20,0
141路(宋家庄枢纽站--时代庄园北站),49,0
夜11路(翠林小区--龙潭公园),21,0
141路(时代庄园北站--宋家庄枢纽站),49,0
专11路(鲁谷公交场站--翠谷玉景苑小区),9,0
13路(小营公交场站--西城三里河),37,0
13路(西城三里河--小营公交场站),38,0
专13路(牛街--建欣苑北),14,0
专13路(建欣苑北--牛街),16,0
通13路(城铁九棵树站--尹家河村),44,1
夜13路(海淀五路居--北京朝阳站),52,0
夜13路(北京朝阳站--海淀五路居),51,0
14路(角门南站--后库),17,0
14路(后库--角门南站),18,0
专14路(地铁善各庄站--马南里),7,2
专14路(马南里--地铁善各庄站),7,1
夜14路(国家体育馆--北京西站),35,0
夜14路(北京西站--国家体育馆),35,0
15路(天桥商场--动物园枢纽站),20,0
15路(动物园枢纽站--天桥商场),21,1
专15路(北京八十中学东门--大西洋新城南门),13,1
专15路(大西洋新城南门--北京八十中学东门),13,1
夜15路(北京西站南广场--北京南站南广场),15,0
16路(动物园枢纽站--二里庄),22,0
16路(二里庄--动物园枢纽站),22,0
通16路(西集中学--和合站村),7,0
通16路(和合站村--西集中学),7,0
专16路(地铁北安河站--凤凰岭),10,0
专16路(凤凰岭--地铁北安河站),10,0
406路(慧忠里--单店),38,0
406路(单店--慧忠里),37,0
夜16路(航天桥西--晓月苑公交场站),32,0
17路(石榴园东--崇文门东),16,0
17路(崇文门东--石榴园东),19,1
专17路(晓月苑公交场站--郭庄子公交场站),19,0
专17路(郭庄子公交场站--晓月苑公交场站),18,0
夜17路(北京南站--北京站东),14,0
夜17路(北京站东--北京南站),16,0
18路(惠新东桥南--国际展览中心),21,0
18路(国际展览中心--惠新东桥西),20,0
专18路(北京南站南广场--北京南站南广场),5,4
夜18路(城南嘉园北--左家庄),45,0
夜18路(左家庄--城南嘉园北),45,0
19路(翠林小区--动物园枢纽站),24,0
专19路(肿瘤医院--华威南路东口),8,0
专19路(华威南路东口--肿瘤医院),6,0
129路(西苑枢纽站--北京西站),33,0
129路(北京西站--西苑),33,0
夜19路(北京站东--化工桥西),18,0
夜19路(化工桥西--北京站东),20,0
20路(北京南站--北京站东),15,0
20路(北京站东--北京南站),17,0
专20路(金茂悦小区北门--清河营公交场站),16,0
21路(北京西站--安华桥北),27,0
21路(安华桥北--北京西站),29,0
夜21路(北京站东--西直门公交场站),22,0
夜21路(西直门--北京站东),24,0
22路(前门--牡丹园西),18,0
22路(牡丹园西--前门),19,0
夜22路(北京西站南广场--西红门西站),23,0
夜22路(西红门西站--北京西站南广场),25,0
23路(朝阳半壁店--虎坊路),28,0
23路(虎坊路--朝阳半壁店),27,0
夜23路(吕家营--北京西站),33,0
夜23路(北京西站--吕家营),33,0
24路(左家庄--北京站),16,1
24路(北京站前街--左家庄),14,1
夜24路(北京南站南广场--和平东桥南),40,0
夜24路(和平东桥南--北京南站南广场),42,0
专24路(首邑溪谷小区--福苑小区),12,0
专24路(福苑小区--首邑溪谷小区),12,0
25路(肖村桥北--北京南站),18,0
25路(北京南站--肖村桥北),18,0
夜25路(华威路南口--石各庄),27,0
夜25路(石各庄--华威路南口),27,0
26路(二里庄--天宁寺桥东),35,0
26路(天宁寺桥东--二里庄),34,0
夜26路(和平东桥--天通北苑),36,0
专26路(海上海花园小区--翠林小区),12,0
专26路(翠林小区--海上海花园小区),12,0
27路(安定门外--定慧寺东),20,0
27路(定慧寺东--安定门外),20,0
夜27路(大北窑东--武夷花园),28,0
夜27路(武夷花园--大北窑东),29,0
28路(东大桥公交场站--弘燕公交场站),20,0
28路(弘燕公交场站--东大桥公交场站),21,0
通28路(周营村南口--后堰上村),42,0
夜28路(惠新东桥南--地铁宋家庄站),42,0
夜28路(地铁宋家庄站--惠新东桥西),43,0
专28路(地铁安河桥北站--地铁上地站),14,0
专28路(地铁上地站--地铁安河桥北站),14,0
29路(弘燕公交场站--北京站东街),20,0
29路(北京站东街--弘燕公交场站),18,0
夜29路(东小营公交场站--北京站东),35,0
专29路(地铁上地站--龙域北街东口),12,0
专29路(龙域北街东口--地铁上地站),12,0
专30路(马连道--翠林小区),16,0
专30路(翠林小区--马连道),15,1
夜30路外(十里河桥北--十里河桥西),71,1
夜30路内(十里河桥南--十里河桥北),75,0
31路(甜水园街北口--金蝉南里),24,1
31路(金蝉南里--甜水园街北口),27,2
专31路(积水潭桥东--积水潭桥东),5,2
32路(月坛南街北站--公主坟西),13,0
32路(公主坟西--月坛南街北站),11,1
专32路(地铁朱辛庄站--地铁朱辛庄站),4,5
夜32路(东湖--北官厅),24,0
夜32路(北官厅--东湖),25,0
33路(远大路东口--公主坟西),13,0
33路(公主坟西--远大路东口),18,0
专33路(二七通信工厂--地铁园博园站),7,1
专33路(地铁园博园站--二七通信工厂),7,1
34路(孛罗营--虎坊桥路口南),32,0
34路(虎坊桥路口东--孛罗营),30,1
专34路(地铁大红门站--地铁大红门站),7,3
夜34路(慧忠里--金蝉西路南口),42,0
夜34路(金蝉西路南口--慧忠里),41,1
通34路(太玉园公交场站--地铁梨园站),9,0
通34路(地铁梨园站--太玉园公交场站),9,0
35路(小郊亭公交场站--天桥),27,0
35路(天桥--小郊亭公交场站),30,0
专35路(玉衡街--天通苑北枢纽站),12,0
专37路(地铁北苑路北站--来广营西桥东),8,1
专37路(来广营西桥东--地铁北苑路北站),9,0
38路(西安门--六里桥东),19,0
38路(六里桥东公交场站--西安门),21,0
夜38路(德胜门西--天鑫家园),36,1
夜38路(天鑫家园--德胜门西),37,0
39路(双庙--北京站东),19,0
39路(北京站东--双庙),19,0
专39路(杨闸--五里桥),15,1
40路(五路--木樨园桥北),26,0
40路(木樨园--五路),32,1
41路(东单路口南--金蝉西路南口),18,0
41路(金蝉西路南口--东单路口南),22,0
专41路(开发区交通服务中心--晶彩小区),10,0
专41路(晶彩小区--开发区交通服务中心),13,0
42路(广外甘石桥--东四十条桥西),25,0
专43路(宝盛里小区--宝盛里小区),9,3
45路(三路居公交场站--阜成门内),24,0
专45路(北街家园五区--沙河站),13,2
专45路(沙河--北街家园五区),14,1
46路(西单商场--高楼村),16,1
46路(高楼村--西单商场),18,0
专46路高峰(吴庄公交场站--京原路口东),7,1
专46路高峰(京原路口东--吴庄公交场站),8,0
47路(小马厂--花园路北口),24,0
47路(花园路北口--小马厂),24,0
专47路(珠江四季悦城--科创十六街),16,1
专47路(科创十六街--珠江四季悦城),17,0
48路(城南嘉园北--前门),20,0
48路(前门--城南嘉园北),21,0
通48路(东夏园路口北--贝思达临时站),16,0
专48路(天通北苑--地铁立水桥南站),14,0
专48路(地铁立水桥南站--天通北苑),15,0
49路(真武庙--樊家村公交场站),19,0
49路(樊家村公交场站--真武庙),15,0
专49路(朱辛庄公交场站--沙河),12,0
专49路(沙河--地铁朱辛庄站),11,0
50路(左安门外--北京西站),25,0
50路(北京西站--左安门外),26,0
专50路高峰(罗兰香谷小区--小沙河村公交场站),17,1
51路(双龙小区--嘉园三里),27,1
51路(嘉园三里--双龙小区),25,1
专51路(鼓楼桥西--鼓楼桥西),4,4
52路(平乐园--靛厂新村),28,0
52路(靛厂新村--平乐园),26,1
专52路(霍营公交场站--霍家营社区东站),9,0
专52路(霍家营社区东站--霍营公交场站),8,1
53路(四方桥西--北京西站南广场),33,1
53路(北京西站南广场--四方桥西),32,0
专53路(北京南站南广场--北京南站南广场),5,4
54路(三营门--四惠桥),28,0
54路(四惠桥--三营门),28,0
通54路(地铁同济南路站--融科钧廷),7,0
通54路(融科钧廷--地铁同济南路站),7,0
55路(西安门--祁家豁子),13,2
55路(祁家豁子--西安门),15,1
专55路(丰台梨园村--地铁园博园站),10,0
专55路(地铁园博园站--丰台梨园村),11,0
56路(大观园公交场站--动物园枢纽站),22,0
专56路(德茂庄--德茂庄),8,3
57路(四惠枢纽站--靛厂新村),35,0
57路(靛厂新村--四惠枢纽站),34,0
专57路(云岗--云岗),1,8
58路(神武门--四惠枢纽站),13,0
58路(四惠枢纽站--神武门),17,0
专58路(天通西苑南--天通北苑),16,0
专58路(天通北苑--天通西苑南),13,0
59路(菜户营桥--前门),16,0
59路(前门--菜户营桥),18,1
专59路(翠海明苑--槐房北站),4,1
专59路(槐房北站--翠海明苑),4,1
60路(龙潭公园--黄寺总政大院),23,0
60路(黄寺总政大院--龙潭公园),23,1
专60路(地铁上地站--安宁庄东路南口),6,0
专60路(安宁庄东路南口--地铁上地站),6,0
61路(天香颐北里--阜成门内),26,0
61路(阜成门内--天香颐北里),26,0
62路(田村半壁店东--马家堡公交场站),35,0
62路(马家堡公交场站--田村半壁店东),36,0
专62路(地铁宋家庄站--宣颐家园),15,0
专62路(宣颐家园--地铁宋家庄站),13,0
通62路(陈列馆路--高楼金村),26,0
893路(地铁潞城站--天洋城总站),16,0
63路(惠新东桥南--金蝉南里),36,0
63路(金蝉南里--惠新东桥西),38,0
专63路(地铁丰台科技园站--富丰桥西),14,0
专63路(富丰桥南--地铁丰台科技园站),13,0
64路(青塔小区--公主坟西),14,0
64路(公主坟西--青塔小区),12,0
专64路(地铁通州北关站--疃里公交场站),12,0
专64路(疃里公交场站--地铁通州北关站),9,0
通64路(地铁九棵树站--青山),28,0
65路(动物园枢纽站--北京西站),17,1
65路(北京西站--动物园枢纽站),15,0
通65路(唐大庄村--九棵树城铁),19,0
通65路(地铁九棵树站--唐大庄村),19,0
专65路(地铁张郭庄站--二七厂),8,0
专65路(二七厂--地铁张郭庄站),8,0
66路(前门--城南嘉园北),18,0
66路(城南嘉园北--前门),19,0
67路(前门--樊家村公交场站),17,0
67路(樊家村公交场站--前门西),16,0
专67路(福苑小区--地铁新宫站),16,0
专67路(地铁新宫站--福苑小区),16,0
68路(马官营西--厂桥路口西),22,0
68路(厂桥路口南--马官营西),23,0
专68路(丰台西站--看丹桥),10,0
专68路(看丹桥--丰台西站),10,0
69路(文慧桥南--韩庄子北),27,0
69路(韩庄子北--索家坟),27,0
专69路(衙门口公交场站--地铁八宝山站),8,4
专69路(地铁八宝山站--衙门口公交场站),12,2
70路(西单路口南--角门南站),15,1
70路(角门南站--西单路口南),16,0
通70路(北关地铁站--疃里一区南门),19,1
专70路(沙河--上东廓),14,0
专70路(上东廓--沙河),15,0
71路(红寺桥--友谊医院东),19,0
71路(友谊医院东--红寺桥),20,0
专71路(百子湾家园东站--地铁百子湾站),7,0
专71路(地铁百子湾站--百子湾家园东站),7,0
72路(城南嘉园北--大北窑南),31,0
72路(大北窑南--城南嘉园北),32,0
专72路(华威桥南--老君堂),13,0
专72路(老君堂--华威桥南),13,0
73路(阜成门--地铁海淀五路居站),19,0
73路(地铁海淀五路居站--阜成门),18,0
专73路(北街家园五区--地铁沙河高教园站),7,0
专73路(地铁沙河高教园站--北街家园五区),7,0
74路(颐和园新建宫门--菜户营西路),30,0
专74路(高教园北三街东站--地铁沙河高教园站),8,1
75路(康家沟--和平东桥),26,0
75路(和平东桥--康家沟),25,0
专75路(南坞--南坞),5,5
76路(张仪村公交场站--核桃园东街),27,2
76路(核桃园东街--张仪村公交场站),28,1
专76路(角门南站--五间楼),10,1
专76路(五间楼--角门南站),11,0
77路(晓月苑小区--外文印刷厂西门),29,1
专77路(地铁通州北关站--刘庄北站),11,0
专77路(刘庄北站--地铁通州北关站),10,0
专123路(万红路东口--万红路东口),9,4
专124路(万红路东口--万红路东口),10,4
78路(鲁谷公交场站--核桃园东街),27,2
78路(核桃园东街--鲁谷公交场站),29,2
专78路(地铁回龙观东大街站--小辛庄村),7,0
专78路(小辛庄村--地铁回龙观东大街站),7,0
80路(小红庙--新街口豁口),17,0
80路(新街口豁口--小红庙),20,0
专80路环线(骊龙园西门--骊龙园西门),11,7
81路(永泰小区--北土城公交场站),20,0
81路(北土城公交场站--永泰小区),19,1
专81路(世华泊郡小区--东小口村委会),18,0
86路(国家体育馆--航天桥北),27,0
86路(航天桥北--国家体育馆),27,0
专86路(融景城公交场站--京原东站),8,0
87路(蓟门桥--定慧寺东),29,1
87路(定慧寺东--蓟门桥),26,1
专87路(百子湾家园东站--广渠门),19,0
专87路(广渠门--百子湾家园东站),17,3
通87路(黄村东大街东口--地铁通州北苑站),25,4
88路(大钟寺站--草桥东路北口),37,1
88路(草桥东路北口--大钟寺站),36,0
专88路(地铁通州北关站--通州李庄),12,0
专88路(通州李庄--地铁通州北关站),9,0
89路(恩济西街南站--红莲南里),18,0
89路(红莲南里--恩济里小区),20,0
专89路(新龙城东站--清河),19,1
专89路(清河--新龙城东站),19,1
91路(方庄北口--八棵杨中街),14,0
91路(八棵杨中街--方庄北口),13,2
专91路(京原东站--燕堤南路西口),12,0
专91路(燕堤南路西口--京原东站),11,0
92路(海淀五路居--北土城公交场站),30,0
92路(北土城公交场站--海淀五路居),30,0
93路(吕家营--前门),23,0
93路(前门--吕家营),25,0
专93路(地铁长阳站--地铁长阳站),6,2
98路(四方桥西--东大桥路口东),16,1
98路(东大桥路口东--四方桥西),17,0
专98路(五路--五路),10,3
专99路(苏家坨北路--北安河公交场站),12,0
专99路(北安河公交场站--苏家坨北路),11,0
101路(红庙路口东--百万庄西口),25,0
101路(百万庄西口--红庙路口东),25,0
专101路(龙锦苑公交场站--地铁回龙观站),21,2
专101路(地铁回龙观站--龙锦苑公交场站),17,0
921路(地铁阜通站--城子),71,0
921路(城子--地铁阜通站),66,0
102路(动物园枢纽站--北京南站),26,0
102路(北京南站--动物园枢纽站),26,0
专102路(回龙观桥北--地铁龙泽站),16,3
专102路(地铁龙泽站--回龙观桥北),16,3
103路(动物园枢纽站--北京站西),24,0
103路(北京站西--动物园枢纽站),24,0
603路(上地六街东口--六里桥长途站),48,0
603路(六里桥长途站--上地六街东口),47,1
专103路环线(地铁龙泽站--地铁龙泽站),5,4
104路(地铁柳芳站--北京站西),25,3
104路(北京站西--地铁柳芳站),19,1
专104路(燕丹--地铁天通苑站),11,0
专104路(地铁天通苑站--燕丹),12,0
604路(来广营北--金庄),46,0
604路(金庄--来广营北),47,0
105路(天桥--白石桥东),21,0
105路(白石桥东--天桥),22,0
专105路(朝凤庵村--朝凤庵村),19,2
305路(中苑宾馆--国防大学),35,0
305路(国防大学--中苑宾馆),35,0
106路(东直门枢纽站--北京南站),26,0
106路(北京南站--东直门枢纽站),25,0
专106路(朝凤庵村--朝凤庵村),19,2
686路(田村半壁店东--中央党校北门),34,0
686路(中央党校北门--田村半壁店东),35,0
107路(东直门枢纽站--白石桥东),21,0
107路(白石桥东--东直门枢纽站),21,0
687路(马家堡公交场站--地铁阜通站),43,0
687路(地铁阜通站--马家堡公交场站),42,0
108路(崇文门--大屯南),22,0
108路(大屯东--崇文门),23,0
专108路(首钢西十冬奥广场--苹果园南),10,2
专108路(苹果园南--首钢西十冬奥广场),10,2
110路(地铁柳芳站--天桥),30,0
专110路(金安桥东--隆恩寺),17,0
专110路(隆恩寺--金安桥东),16,0
111路(崇文门--白石桥东),22,0
111路(白石桥东--崇文门),22,0
专111路(吴庄公交场站--老山西街),14,1
451路(来广营北--黄厂路),51,2
451路(黄厂路--来广营北),50,0
822路(潮白河孔雀城--地铁潞城站),26,0
822路(地铁潞城站--潮白河孔雀城),27,0
112路(康家沟--亮果厂),20,0
112路(亮果厂--康家沟),20,0
专112路(溪阳东路东口--地铁望京西站),15,0
专112路(地铁望京西站--溪阳东路东口),11,1
932路(史各庄公交场站--城子),61,1
932路(城子--史各庄公交场站),62,0
113路(大北窑南--祁家豁子),30,0
113路(祁家豁子--大北窑南),29,0
专113路(四惠枢纽站--百子湾家园东站),9,0
专113路(百子湾家园东站--四惠枢纽站),9,0
613路(来广营西桥东--巴沟村),30,0
613路(巴沟村--来广营西桥东),32,0
114路(南坞--白云路),18,0
114路(白云路--南坞),19,0
专114路(燕莎桥南--东大桥公交场站),17,0
专114路(东大桥公交场站--燕莎桥南),15,0
115路(康家沟--东黄城根北口),24,0
115路(东黄城根北口--康家沟),23,0
专115路(盛德东兴家园北--地铁园博园站),6,0
专115路(地铁园博园站--盛德东兴家园北),8,1
116路(地铁柳芳站--龙潭公园),23,0
116路(龙潭公园--地铁柳芳站),23,0
专116路(地铁善各庄站--南皋公交场站),14,0
专116路(南皋公交场站--地铁善各庄站),14,0
876路(苹果园南路东口--城子),21,0
876路(城子--苹果园南路东口),22,0
117路(五路居--红庙路口东),22,3
117路(红庙路口东公交场站--五路居),28,1
专117路(燕丹--天通苑北枢纽站),9,0
专117路(天通苑北枢纽站--燕丹),9,0
617路(地铁生命科学园站西--来广营北),37,0
118路(红庙路口东公交场站--紫竹院南门),33,0
118路(紫竹院南门--红庙路口东),31,0
688路(廖公庄公交场站--西三旗),41,1
688路(西三旗--廖公庄公交场站),43,2
119路(地铁芍药居站--安定门),15,0
119路(安定门--地铁芍药居站),17,1
专119路(天通北苑一区南--天通北苑),12,0
专119路(天通北苑--天通北苑一区南),15,0
专139路(新都东站--上地五街东口),15,0
专139路(清河火车站西广场--新都东站),15,0
120路(石榴园东--左家庄),32,0
120路(左家庄--石榴园东),31,0
专120路(龙祥嘉园--地铁北苑路北站),4,1
专120路(地铁北苑路北站--龙祥嘉园),4,1
121路(南坞--阜成门内),20,0
121路(阜成门内--南坞),18,1
专121路(地铁回龙观站--二拨子新村),12,0
专141路(华纺易城公交场站--八王坟东),14,0
专141路(八王坟东--华纺易城公交场站),12,0
122路(北京站东街--北京西站南广场),30,0
122路(北京西站南广场--北京站东街),27,1
专122路(蟹岛度假村东门--地铁善各庄站),14,0
专122路(地铁善各庄站--蟹岛度假村东门),15,0
专142路(农业展览馆--华纺易城公交场站),14,0
专142路(华纺易城公交场站--农业展览馆),14,0
123路(牡丹园西--香河园桥),24,1
123路(左家庄桥西--牡丹园西),24,1
623路(清河火车站西广场--永丰路北站),22,0
623路(永丰路北站--上地五街东口),22,0
124路(西四路口东--大屯南),22,0
124路(大屯东--西四丁字街),23,0
424路(厢白旗桥--金庄),22,1
424路(金庄--厢白旗桥),21,0
125路(芍药居--安定门),13,0
125路(安定门--芍药居),14,2
专145路外环(公益桥东--公益桥东),16,1
126路(石各庄--北京站东),26,0
126路(北京站东--石各庄),28,0
专127路(五棵松桥东--张仪村东站),19,0
专127路(新丰路北口--五棵松桥东),13,1
专147路内环(田村半壁店东--田村半壁店东),15,1
专147路外环(田村半壁店东--田村半壁店东),17,1
130路(东湖--北官厅),30,1
130路(北官厅--东湖),27,1
专130路(成和园小区--木樨园桥),15,0
专130路(木樨园桥--成和园小区),16,0
专131路(马连店村--白各庄公交场站),10,0
专131路(白各庄公交场站--马连店村),8,0
132路(大西洋新城南门--东直门枢纽站),20,1
132路(东直门枢纽站--大西洋新城南门),18,1
专204路(光辉桥南--北京东站),2,0
专204路(北京东站--光辉桥南),2,0
专205路(地铁潞城站--通州火车站),4,0
专205路(通州火车站--地铁潞城站),4,0
495路(史各庄公交场站--地铁上地站),17,0
495路(地铁上地站--史各庄公交场站),18,0
专208路内环(乔庄东站--乔庄东站),10,1
专208路外环(乔庄东站--京东运乔建材城),11,0
301路(安定门--天通北苑),23,0
301路(天通北苑--安定门),25,0
302路(辛庄--巴沟村),29,0
302路(巴沟村--辛庄),30,1
303路(西苑枢纽站--西闸),27,0
303路(西闸--西苑北站),26,0
304路(牡丹园--巴沟村),16,0
304路(巴沟村--牡丹园),16,0
306路(蟹岛度假村东门--地铁草房站),17,1
306路(地铁草房站--蟹岛度假村东门),17,1
307路(龙域北街东口--巴沟村),32,0
308路(衙门口--白云路),22,0
308路(白云路--衙门口公交场站),22,0
309路(太子峪陵园--北京西站南广场),19,0
309路(北京西站南广场--太子峪陵园),20,0
310路(晓月苑公交场站--丰台辛庄),19,0
310路(丰台辛庄--晓月苑公交场站),19,0
312路(东小营公交场站--马圈),28,0
312路(马圈--东小营公交场站),28,0
313路(晓月苑小区--大王庙),9,0
313路(大王庙--晓月苑小区),9,0
315路(新都东站--大钟寺),13,0
315路(大钟寺--新都东站),13,0
316路(疃里公交场站--小稿村南站),27,0
316路(小稿村南站--疃里公交场站),28,0
317路(怡乐南街公交场站--绿心公园南门),29,3
317路(绿心公园南门--怡乐南街公交场站),29,3
320路(地铁西二旗站--北京西站),34,0
320路(北京西站--地铁西二旗站),34,0
321路(南宫南站--六里桥东),10,0
321路(六里桥东--南宫南站),8,1
322路(古城西桥公交场站--四惠枢纽站),13,0
322路(四惠枢纽站--古城西桥公交场站),13,0
323路(知春里东站--富丰桥西),28,1
323路(富丰桥西--知春里),29,0
324路(开发区交通服务中心--木樨园桥北),32,0
324路(木樨园--开发区交通服务中心),32,0
325路(衙门口公交场站--高井路口南),26,0
325路(高井路口南--衙门口公交场站),27,0
326路(地铁南邵站--朝凤庵村),22,1
326路(朝凤庵村--地铁南邵站),23,0
330路(温泉苗圃--后沙涧),11,0
330路(后沙涧--温泉苗圃),11,0
331路(新街口豁口--西苑北站),20,2
331路(西苑北站--新街口豁口),21,0
332路(前门--地铁北宫门站),27,0
332路(地铁北宫门站--前门),29,0
333路(安宁庄东路南口--西苑),23,0
333路(西苑--安宁庄东路南口),21,1
334路(动物园枢纽站--吴庄公交场站),24,0
334路(吴庄公交场站--动物园枢纽站),26,0
335路(东大街南口--地铁海淀五路居站),24,0
335路(地铁海淀五路居站--东大街南口),22,0
336路(地铁海淀五路居站--大峪),32,0
336路(大峪--地铁海淀五路居站),31,0
337路(石景山--公主坟西),22,0
338路(玉泉路口南--丰台体育中心),13,1
338路(丰台体育中心--玉泉路口南),14,0
339路(王佐--北京西站),20,0
339路(北京西站--王佐),21,0
342路(古城西桥公交场站--翠福园小区),17,1
342路(翠福园小区--古城西桥公交场站),18,0
343路(地铁新宫站--北京南站南广场),19,0
343路(北京南站南广场--地铁新宫站),19,1
344路(小辛庄--德胜门西),20,0
344路(德胜门西--小辛庄),21,1
345路快车(德胜门西--朝凤庵村),15,0
345路快车(朝凤庵村--德胜门西),11,0
345路(德胜门西--昌平北站),30,0
345路(昌平北站--德胜门西),31,0
346路(西苑枢纽站--凤凰岭),36,1
346路(凤凰岭--西苑北站),34,2
347路(新街口豁口--雍王府),23,0
347路(雍王府--新街口豁口),23,0
348路(大鲁店公交场站--大北窑南),27,0
348路(大北窑南--大鲁店公交场站),28,0
349路(丰台西站--北京西站南广场),23,0
349路(北京西站南广场--丰台西站),22,1
350路(东大桥公交场站--焦庄桥北),24,2
350路(焦庄桥北--东大桥公交场站),26,1
351路(丰台体育中心--地铁首经贸站),10,2
351路(地铁首经贸站--丰台路口),11,2
352路(旧宫路口北--劲松中街),15,0
352路(劲松中街--旧宫路口北),19,1
353路(万源路--富丰桥西),23,0
353路(富丰桥西--万源路),22,0
354路(鲁谷公交场站--灵秀山庄东站),43,0
354路(灵秀山庄东站--鲁谷公交场站),43,0
355路(育新小区--三义庙),22,0
355路(三义庙--育新小区),21,0
356路(云岗--大灰厂西站),14,0
356路(大灰厂西站--云岗),14,0
357路(高崖口--昌平东关),30,2
357路(昌平东关--高崖口),29,2
358路(黄南苑小区--石府路),14,0
358路(石府路--黄南苑小区),17,0
359路(首都机场路北口--东直门外),21,0
359路(东直门外--首都机场路北口),20,0
360路快车(香泉环岛--动物园枢纽站),23,0
360路快车(动物园枢纽站--香泉环岛),23,1
360路(西直门公交场站--香泉环岛),29,0
360路(香泉环岛--西直门公交场站),29,0
361路(望京科技创业园--巴沟村),35,0
361路(巴沟村--望京科技创业园),34,0
362路(西直门公交场站--地铁西二旗站南),20,0
362路(地铁西二旗公交场站(临时站)--西直门公交场站),19,1
363路(四惠枢纽站--青青家园),17,0
363路(青青家园--四惠枢纽站),18,0
364路(双桥农场西站--金盏),27,0
364路(金盏--双桥农场西站),27,0
365路(永丰公交场站--闵庄南里),43,0
365路(闵庄南里--永丰公交场站),43,0
366路(黄村火车站--宋家庄枢纽站),30,1
366路(宋家庄枢纽站--黄村火车站),31,0
366路快(木樨园--黄村火车站),15,0
366路快(黄村火车站--木樨园桥北),16,0
367路(软件园广场--天鑫家园),19,0
367路(天鑫家园--软件园广场),19,0
370路(圈门--公主坟西),43,1
370路(公主坟西--圈门),44,0
371路(龙域北街东口--霍营公交场站),17,0
371路(霍营公交场站--龙域北街东口),19,0
373路(京原路口东--绿谷雅园小区),21,0
373路(绿谷雅园小区--衙门口东),19,0
374路(颐和园新建宫门--北京西站),18,0
374路(北京西站--颐和园新建宫门),20,0
375路(北京北站--东北旺中路),32,0
375路(东北旺中路--北京北站),28,0
376路(南口北站--昌平东关),17,0
376路(昌平东关--南口北站),16,0
377路(永定门汽车站--西红门西站),23,0
377路(西红门西站--永定门汽车站),23,0
378路(华威路南口--老君堂北站),15,1
378路(老君堂北站--华威路南口),15,0
380路(慧忠里--德胜门),15,0
380路(德胜门--慧忠里),15,0
381路(永定门汽车站--西红门公交场站),27,1
381路(西红门公交场站--永定门汽车站),27,0
382路(大北窑东--双桥农场西站),14,0
382路(双桥农场西站--大北窑东),14,0
383路(大峪--杨坨),15,0
383路(杨坨--大峪),15,0
386路(清河营公交场站--巴沟村),26,6
386路(巴沟村--清河营公交场站),27,4
387路(慧忠路东口--北京西站),19,0
387路(北京西站--慧忠路东口),19,0
388路(疃里公交场站--大北窑东),17,0
388路(大北窑东--疃里公交场站),18,0
389路(刘娘府北街北口--鲁谷公交场站),26,0
390路(西便门--南五里店),15,0
390路(南五里店--西便门),14,1
391路(地铁园博园站--公交技校),24,0
391路(公交技校--地铁园博园站),24,0
392路(西二旗北站--海淀桥东),19,2
392路(海淀桥东--西二旗北站),23,0
393路(育新小区--西苑),21,0
393路(西苑--育新小区),21,0
通36路(翠屏北里北--大方居),9,0
通36路(大方居--翠屏北里北),9,0
夜12路(城南嘉园北--四季青桥南),37,0
夜12路(四季青桥南--城南嘉园北),38,0
夜16路(晓月苑公交场站--航天桥西),30,0
144路(岳家楼桥--城南嘉园北),21,0
144路(城南嘉园北--岳家楼桥),20,0
专84路(西红门西站--福苑小区),14,0
专84路(福苑小区--西红门西站),14,0
145路(北京北站--国家体育馆),21,0
145路(国家体育馆--北京北站),20,0
515路(北土城公交场站--东大桥公交场站),24,0
515路(东大桥公交场站--北土城公交场站),24,0
912路(丰益桥南--篱笆房客运站),35,0
912路(篱笆房客运站--夏家胡同),34,0
834路(翟里村--顺义半壁店),17,2
834路(顺义半壁店--翟里村),16,3
956路(地铁长阳站--梨村公交场站),28,2
956路(梨村公交场站--地铁长阳站),28,2
夜20路内(北官厅--北官厅),41,1
94路(公主坟东--塔院小区南门),22,0
专94路(地铁长阳站--地铁长阳站),1,6
95路(康家沟--惠新西街南口),25,0
95路(惠新西街南口--康家沟),26,0
专95路(于善街西口--地铁沙河站),6,0
专95路(地铁沙河站--于善街西口),5,2
96路(北京西站--晓月苑公交场站),14,0
96路(晓月苑公交场站--北京西站),15,0
专96路(开发区交通服务中心--西店),11,0
专96路(西店--开发区交通服务中心),11,0
97路(航天桥西--晓月苑公交场站),27,0
97路(晓月苑公交场站--航天桥西),26,0
专97路(公交驾校--西红门西站),12,0
专97路(西红门西站--公交驾校),12,0
442路(杨闸--东小营公交场站),20,2
442路(东小营公交场站--杨闸),18,2
471路(东湖--地铁望京西站),19,0
471路(地铁望京西站--东湖),19,0
530路(天通北苑--来广营西桥东),26,0
530路(来广营西桥东--天通北苑),26,0
577路(东北旺中路--二里庄),19,0
577路(二里庄--东北旺中路),18,0
584路(颐和山庄--大钟寺),23,0
584路(大钟寺--颐和山庄),23,0
593路(地铁北苑路北站--环行铁道),18,0
593路(环行铁道--地铁北苑路北站),18,0
606路(大钟寺站--地铁霍营站南),27,2
606路(地铁霍营站南--大钟寺站),27,1
622路(成和园小区--北京站东),31,0
622路(北京站东--成和园小区),33,1
627路(郭公庄西--航天桥西),31,0
627路(航天桥西--郭公庄西),32,0
143路(国家体育馆--北京西站),23,0
143路(北京西站--国家体育馆),21,1
857路(蟹岛度假村东门--沙子营公交场站),19,3
868路(于家园--云佛山滑雪场),47,1
869路(地铁善各庄站--东洲家园),7,0
869路(东洲家园--地铁善各庄站),7,0
882路(上上城五期--来广营路口西),10,0
882路(来广营路口南--上上城五期),10,0
904路(燕山春光--燕化星城一里),17,1
904路(燕化星城一里--燕山春光),16,1
906路(燕山东岭--燕山二一八公交场站),20,0
906路(燕山二一八公交场站--燕山东岭),19,1
910路(土桥村--潮白河孔雀城),24,0
910路(潮白河孔雀城--土桥村),24,0
911路(北京朝阳站--京东运乔建材城),39,0
911路(京东运乔建材城--北京朝阳站),40,0
专50路高峰(小沙河村公交场站--罗兰香谷小区),16,1
夜36路(和平东桥南--富丰桥西),45,0
夜36路(富丰桥西--和平东桥南),47,0
907路(篱笆房客运站--大韩继公交场站),35,1
907路(大韩继公交场站--篱笆房客运站),34,0
949路(朝凤庵村--南口西站),33,1
949路(南口西站--朝凤庵村),33,1
83路(怡海花园西门--西单路口南),32,0
83路(西单路口南--怡海花园西门),30,0
549路(四通桥东--厢白旗桥),14,3
549路(厢白旗桥--四通桥东),12,4
645路(国家体育场东--航天桥北),26,0
645路(航天桥北--国家体育场东),26,0
690路(农业展览馆--定辛庄公交场站),36,0
690路(定辛庄公交场站--农业展览馆),36,0
133路(北京南站--晓月苑小区),31,0
133路(晓月苑小区--北京南站),30,0
专133路(半截塔公交场站--立水桥西站),11,0
专133路(立水桥西站--半截塔公交场站),11,0
专162路(方庄东路南口--方庄东路南口),10,6
专169路(欣旺北大街北口--西红门公交场站),9,0
专169路(西红门公交场站--欣旺北大街北口),9,0
85路(五路--南菜园),23,0
85路(南菜园--五路),30,0
专85路(地铁上地站--地铁西二旗站),5,0
专85路(地铁西二旗站--地铁上地站),6,0
专166路(金蝉北路西口--金蝉南里),9,0
专166路(金蝉南里--金蝉北路西口),9,0
专165路(八王坟南--广和里中街),13,0
专165路(双花园西里--八王坟南),12,2
专163路(地铁大红门站--大红门锦苑小区),9,0
专163路(大红门锦苑小区--地铁大红门站),7,0
专161路(方庄东路南口--方庄东路南口),8,6
专167路(四惠枢纽站--金卫路西口),10,0
专167路(金卫路西口--四惠枢纽站),9,1
655路(土楼村--昌平东关),23,0
655路(昌平东关--土楼村),22,0
835路(莲花池汽车站--韩村河西),18,6
835路(韩村河西--六里桥东),19,6
440路(弘善家园西站--经海七路公交场站),19,0
440路(经海七路公交场站--弘善家园公交场站),22,1
36路(华威路南口--天坛南门),19,0
36路(天坛南门--华威路南口),15,3
128路(肖村桥北--后库),31,0
128路(后库--肖村桥北),30,0
专128路(永丰公交场站--地铁西二旗站),12,1
专128路(地铁西二旗站--永丰公交场站),13,1
134路(公主坟南--马家堡公交场站),18,1
134路(马家堡公交场站--公主坟南),17,2
专134路(生命科学园西站--沙河北大桥),14,1
专134路(沙河北大桥--生命科学园西站),15,0
138路(石佛营西里--唐家村),22,0
138路(唐家村--石佛营西里),27,0
专138路(西城三里河--菜户营西路),23,1
专138路(菜户营西路--西城三里河),23,0
139路(东大桥公交场站--宋家庄枢纽站),18,0
139路(宋家庄枢纽站--东大桥公交场站),20,0
140路(石佛营西里--北京站东街),19,0
140路(北京站东街--石佛营西里),28,1
专140路(东辛店中街南口--地铁善各庄站),6,1
专140路(地铁善各庄站--东辛店中街南口),9,0
455路(四惠枢纽站--南花园公交场站),15,0
455路(南花园公交场站--四惠枢纽站),15,0
461路(小辛庄村--小辛庄村),24,7
470路(西红门公交场站--富丰桥西),21,0
470路(看丹桥--西红门公交场站),21,0
496路(四惠枢纽站--康静里南),15,1
496路(康静里南--四惠枢纽站),14,1
899路(朱辛庄公交场站--下花园),3,0
899路(下花园--地铁朱辛庄站),3,0
902路(地铁西二旗站南--苏家坨公交场站),22,0
908路(土井村西口--苏家坨公交场站),36,0
908路(苏家坨公交场站--土井村西口),35,0
979路(玉泉路口南--梧桐苑公交场站),9,0
979路(梧桐苑公交场站--玉泉路口南),8,0
995路(十里河桥南--采育公交场站),13,0
995路(采育公交场站--十里河桥南),13,0
专189路(地铁宋家庄站--吕家营),7,0
专189路(吕家营--地铁宋家庄站),7,0
893路(天洋城总站--地铁潞城站),17,0
专129路(阜玉路口北--颐和园西门),16,0
专129路(颐和园西门--阜玉路口北),14,0
专135路(地铁沙河站--百善公交场站),8,2
专135路(百善公交场站--地铁沙河站),7,0
专136路(天通北苑一区南--海鶄落),14,0
专136路(海鶄落--天通北苑一区南),15,0
专137路(天通北苑--天通苑北枢纽站),14,0
专137路(天通苑北枢纽站--天通北苑),14,0
专143路(东北旺--颐和山庄),15,1
专143路(颐和山庄--东北旺),16,0
专144路(岳家楼桥--金庄),15,0
专144路(金庄--岳家楼桥),13,0
专154路(达官营--高楼村),8,1
专154路(高楼村--达官营),9,0
专155路(北京南站--西铁营),9,1
专155路(西铁营--北京南站),11,1
专156路(嘉园二里南门--西铁营),7,0
专156路(西铁营--嘉园二里南门),7,0
专157路(地铁通州北关站--通州西站),9,1
专157路(通州西站--地铁通州北关站),10,1
专158路(北京物资学院--翠福园小区),6,1
专158路(翠福园小区--北京物资学院),7,0
专159路(经海五路南口--次渠),12,0
专159路(次渠--经海五路南口),12,0
专160路(霍营公交场站--龙锦苑公交场站),9,0
专160路(龙锦苑公交场站--霍营公交场站),9,0
专168路(新街口豁口--白塔庵东),9,2
专168路(白塔庵东--新街口豁口),8,5
专170路(黄厂路--豆各庄公交场站),10,0
专170路(豆各庄公交场站--黄厂路),10,0
专171路(富力又一城--宇达创意公交场站),10,0
专171路(宇达创意公交场站--富力又一城),10,0
专172路(怡乐南街公交场站--万盛南街),9,0
专175路(皮村西口--常营体育公园),8,0
专175路(常营体育公园--皮村西口),8,0
专176路(菜户营桥东--海上海花园小区),14,0
专176路(海上海花园小区--菜户营桥东),12,1
专177路(地铁张郭庄站--太子峪陵园),8,0
专177路(太子峪陵园--地铁张郭庄站),8,0
专178路(地铁张郭庄站--二七厂),6,0
专178路(二七厂--地铁张郭庄站),6,0
专180路(郭公庄西--樊家村公交场站),12,1
专180路(樊家村公交场站--郭公庄西),12,1
专190路(地铁丰台科技园站--地铁新宫站),12,1
专190路(地铁新宫站--地铁丰台科技园站),12,1
专191路(复兴门南--北京西站南广场),13,0
专191路(北京西站南广场--复兴门南),11,0
专192路(霍营公交场站--龙锦苑公交场站),17,0
专192路(龙锦苑公交场站--霍营公交场站),17,0
专196路(地铁成寿寺站--鸿博家园二期东),9,0
专196路(鸿博家园二期东--地铁成寿寺站),12,3
专197路(地铁立水桥南站--北苑家园),5,0
专197路(北苑家园--地铁立水桥南站),6,0
专203路(地铁临河里站--东小营公交场站),12,4
专203路(东小营公交场站--地铁临河里站),11,5
专35路(天通苑北枢纽站--玉衡街),12,0
专90路(鹿海园公交场站--西店),10,5
395路(复兴门南--富丰桥西),27,0
395路(富丰桥西--复兴门南),27,0
396路(晋元桥西--隆恩寺),17,0
396路(隆恩寺--晋元桥西),18,0
397路(四惠枢纽站--大鲁店公交场站),23,25
397路(大鲁店公交场站--四惠枢纽站),24,1
398路(育新小区--五道口公交场站),15,0
398路(五道口公交场站--育新小区),15,0
399路外环(石景山科技园--石景山科技园),22,1
401路(南十里居--东直门枢纽站),19,0
401路(东直门枢纽站--南十里居),18,0
402路(祁家坟--北岗子东站),29,0
402路(北岗子东站--祁家坟),29,0
403路(环行铁道--北京站东街),21,2
403路(北京站东街--环行铁道),23,0
404路(来广营西桥东--东直门枢纽站),18,0
404路(东直门枢纽站--来广营西桥东),20,0
405路(四惠枢纽站--孙河公交场站),26,0
405路(孙河公交场站--四惠枢纽站),26,0
407路(马连店村--惠新东桥西),18,0
407路(惠新东桥西--马连店村),21,0
408路(石佛营西里--慧忠里),30,0
408路(慧忠里--石佛营西里),29,0
409路(来广营西桥东--阜成门内),39,0
409路(阜成门内公交场站--来广营西桥东),38,0
410路(丽园路公交场站--北京西站南广场),30,0
410路(北京西站南广场--丽园路公交场站),29,0
411路(小庄--富力又一城),35,1
411路(富力又一城--小庄),31,1
412路(东大桥公交场站--组干学院站),20,6
412路(组干学院站--东大桥公交场站),17,7
413路(北京朝阳站--东直门),16,0
413路(东直门--北京朝阳站),16,0
414路(北京南站南广场--海淀五路居),31,0
414路(海淀五路居--北京南站南广场),32,0
415路(孙河公交场站--慧忠里),25,0
415路(慧忠里--孙河公交场站),25,0
416路(东直门枢纽站--来广营西桥东),26,0
416路(来广营西桥东--东直门枢纽站),26,0
417路(生命科学园西站--英才南三街东口),36,2
417路(英才南三街东口--生命科学园西站),36,2
418路(金盏--东直门枢纽站),33,0
418路(东直门枢纽站--金盏),33,0
419路(甘露园北--国家体育场东),30,0
419路(国家体育场东--甘露园北),30,0
421路(大北窑南--东湖),31,0
421路(东湖--大北窑南),32,0
423路(明春苑--阜成门内),29,0
423路(阜成门内--明春苑),30,0
425路(小营公交场站--南坞),30,0
425路(南坞--小营公交场站),31,0
428路(天通北苑--地铁龙泽站),32,0
428路(地铁龙泽站--天通北苑),32,0
430路(东沙各庄公交场站--安定门),25,0
430路(地坛西门--东沙各庄公交场站),23,0
431路(东四十条桥东--单店南),19,0
431路(单店南--东四十条桥东),18,1
432路(天通北苑--西苑),44,0
432路(西苑枢纽站--天通北苑),42,0
434路(福苑小区--草桥东路北口),10,0
434路(草桥东路北口--福苑小区),11,0
435路(地铁临河里站--五里桥),23,0
435路(五里桥--地铁临河里站),26,0
436路(京原路口东--玉渊潭南路西口),15,0
436路(玉渊潭南路西口--衙门口东),15,0
438路(永丰公交场站--北京北站),30,0
438路(北京北站--永丰公交场站),32,0
439路(十里河桥东--百子湾),15,0
439路(百子湾--十里河桥西),14,1
441路(天通苑北枢纽站--地铁龙泽站),22,0
441路(地铁龙泽站--天通苑北枢纽站),22,0
445路(南十里居--宏泰东街),18,1
445路(宏泰东街--南十里居),16,1
446路(地铁永丰站--学府树公交场站),19,0
446路(学府树公交场站--地铁永丰站),19,0
447路(西玉河公交场站--地铁上地站),17,0
449路(永丰公交场站--地铁上地站),14,1
449路(地铁上地站--永丰公交场站),14,1
452路(晓月苑小区--玉泉路口南),18,0
452路(玉泉路口南--晓月苑小区),17,0
453路(德茂桥东--开发区交通服务中心),17,0
453路(地铁荣昌东街站--德茂桥东),15,0
454路(永定门汽车站--西红门西站),14,0
454路(西红门西站--永定门汽车站),14,0
456路(思邈路--菜户营桥东),26,1
456路(菜户营桥东--思邈路),33,2
457路(豆各庄公交场站--劲松),22,1
458路(北京南站--南宫迎宾路南站),45,0
462路(新都东站--二拨子新村),32,0
462路(二拨子新村--新都东站),32,0
463路(地铁龙泽站--玉衡街),32,0
463路(玉衡街--地铁龙泽站),33,0
464路(回南家园--和平东桥),27,0
464路(和平东桥--回南家园),26,0
465路(南七家--立水桥),18,0
465路(立水桥--南七家),18,0
467路(地铁善各庄站--静安庄),19,0
467路(静安庄--地铁善各庄站),17,0
468路(四惠枢纽站--朝新嘉园),19,0
468路(朝新嘉园--四惠枢纽站),18,1
469路(颐和园西门--地铁海淀五路居站),21,0
472路(鲁谷公交场站--金安桥北),26,0
472路(金安桥北--鲁谷公交场站),28,0
473路(鲁谷公交场站--六里桥北里),16,3
473路(六里桥北里--鲁谷公交场站),19,0
474路(西红门公交场站--大观园公交场站),29,0
474路(大观园公交场站--西红门公交场站),29,0
475路(四惠枢纽站--宇达创意公交场站),19,0
475路(宇达创意公交场站--四惠枢纽站),19,0
476路(西苑枢纽站--宝盛里小区),26,0
476路(宝盛里小区--西苑),26,0
477路(明春苑--广外关厢),27,0
477路(广外关厢--明春苑),27,0
478路(学知桥北--小辛庄村),29,1
478路(小辛庄村--学知桥北),30,0
480路(丽泽桥--明春苑),25,0
480路(明春苑--丽泽桥),25,0
481路(吴庄公交场站--紫竹院北门),27,0
481路(紫竹院北门--吴庄公交场站),31,1
483路(西红门西站--丰台路口),23,0
483路(丰台路口--西红门西站),23,2
485路(北京南站--振亚庄),32,0
485路(振亚庄--北京南站),34,0
486路(辛庄--西直河南站),34,1
486路(西直河南站--辛庄),37,1
487路(天通苑北枢纽站--未来科学城北站),21,3
487路(未来科学城北站--天通苑北枢纽站),20,4
488路(五里桥--大北窑北),32,0
488路(大北窑北--五里桥),33,0
489路(工人疗养院--石府路),19,0
489路(石府路--工人疗养院),18,0
490路(惠新东桥西--宝盛里小区),26,0
490路(宝盛里小区--惠新东桥西),26,0
493路(朝凤庵村--昌平南桥北),16,0
493路(昌平南桥北--朝凤庵村),16,0
专195路(红霞路--北京朝阳站),11,1
专195路(北京朝阳站--红霞路),13,1
专194路(北京朝阳站--甘露园北),12,1
专194路(甘露园北--北京朝阳站),12,1
497路(木樨园桥--郭公庄西),18,0
497路(郭公庄西--木樨园桥),18,0
499路(燕莎桥南--草房西路南口),31,0
501路(南苑机场--草桥东路北口),23,0
505路(香泉环岛--定慧桥南),22,0
505路(定慧桥南--香泉环岛),21,0
506路(四惠枢纽站--石各庄),18,1
506路(石各庄--四惠枢纽站),18,1
507路(小屯西路南口--五路),27,2
507路(五路--小屯西路南口),21,2
508路(西苑--地铁新街口站),20,0
508路(地铁新街口站--西苑),18,1
509路(地铁西二旗站--中央党校北门),14,0
509路(中央党校北门--地铁西二旗站),15,0
510路(双泉堡东--杏坛路),23,2
510路(杏坛路--双泉堡东),24,0
511路(方庄东路--城南嘉园),24,1
511路(城南嘉园--方庄东路),27,1
512路(梅所屯--永丰公交场站),20,0
512路(永丰公交场站--梅所屯),20,0
513路(吕营嘉园--唐家村),19,0
513路(唐家村--吕营嘉园),20,1
516路(亮马桥--南皋),20,0
516路(南皋--亮马桥),20,0
517路(四惠枢纽站--草房西路南口),26,0
518路(慧忠里--西山林语公交场站),28,0
518路(西山林语公交场站--慧忠里),29,0
519路(九八四医院--地铁龙泽站),19,1
519路(地铁龙泽站--九八四医院),20,2
520路(宝盛路口南--天通苑北枢纽站),18,0
520路(天通苑北枢纽站--宝盛路口南),19,0
521路(生命科学园西站--地铁上地站),15,1
521路(地铁上地站--生命科学园西站),16,0
524路(宋家庄枢纽站--灵秀山庄东站),17,0
524路(灵秀山庄东站--宋家庄枢纽站),17,0
526路(地铁宋家庄站--同心庄公交场站),11,0
526路(同心庄公交场站--地铁宋家庄站),10,0
527路(雍王府--吴庄公交场站),32,1
527路(吴庄公交场站--雍王府),33,1
528路(天香颐北里--巴沟村),15,0
528路(巴沟村--天香颐北里),14,0
529路(翠海明苑--北京南站南广场),17,0
529路(北京南站南广场--翠海明苑),18,0
531路(吴庄公交场站--丽泽桥),22,0
531路(丽泽桥--吴庄公交场站),21,0
532路(杨闸--大鲁店公交场站),21,0
532路(大鲁店公交场站--杨闸),19,1
533路(天通苑北枢纽站--英才南三街东口),16,0
533路(英才南三街东口--天通苑北枢纽站),17,0
534路(西直门公交场站--中央党校北门),21,0
534路(中央党校北门--西直门公交场站),22,0
535路(劲松桥东--白鹿司北街),23,0
535路(白鹿司北街--劲松桥东),19,0
536路(左家庄--屏翠西路东口),21,1
536路(屏翠西路东口--左家庄),19,2
538路(孙河公交场站--国家体育场东),32,0
538路(国家体育场东--孙河公交场站),32,0
542路(晶彩小区--开发区交通服务中心),18,0
542路(开发区交通服务中心--晶彩小区),18,0
543路(环保科技园--地铁龙泽站),19,0
543路(地铁龙泽站--环保科技园),18,0
544路(北安河公交场站--地铁西二旗站),22,0
544路(地铁西二旗站--北安河公交场站),22,0
546路(鲁谷公交场站--富丰桥西),29,0
546路(富丰桥西--鲁谷公交场站),28,0
547路(地铁善各庄站--和平西桥),16,1
547路(和平西桥--地铁善各庄站),17,0
550路(羊圈头村--云岗),15,0
550路(云岗--羊圈头村),15,0
551路(霍营公交场站--白各庄公交场站),18,0
551路(白各庄公交场站--霍营公交场站),18,0
552路(通州李庄--万盛南街),31,1
553路(四惠枢纽站--单店),20,0
553路(单店--四惠枢纽站),20,0
554路(六里桥北--郭庄子公交场站),16,2
554路(郭庄子公交场站--六里桥北),17,0
555路(同心庄公交场站--宋家庄枢纽站),13,0
555路(宋家庄枢纽站--同心庄公交场站),13,0
556路(西洼地--公益桥东),19,0
556路(公益桥东--西洼地),18,0
557路(地铁回龙观站--小沙河村公交场站),17,0
557路(小沙河村公交场站--地铁回龙观站),16,0
559路(丈头村--昌平北站),23,0
559路(昌平北站--丈头村),21,2
560路(新龙城东站--生命科学园西站),26,2
560路(生命科学园西站--新龙城东站),26,2
561路(大北窑南--西直河西站),19,6
563路(西直门公交场站--香山公园东门),33,0
563路(香山公园东门--西直门公交场站),33,0
567路(东湖--惠新西街北口),19,0
567路(惠新西街北口--东湖),19,0
568路(砂石路口东--马官营西),26,1
568路(马官营南--砂石路口东),26,3
569路(北京会议中心--小营公交场站),17,3
569路(小营公交场站--北京会议中心),14,0
570路(永丰公交场站--地铁西二旗站南),11,0
570路(地铁西二旗站南--永丰公交场站),11,1
571路(地铁望京西站--朝新嘉园),31,0
573路(鹿海园公交场站--永旭嘉园),17,1
574路(京原路口东--大灰厂),23,0
574路(大灰厂--衙门口东),23,0
576路(南小街西里--宋家庄枢纽站),19,1
578路(地铁荣昌东街站--博兴六路公交场站),17,0
578路(博兴六路公交场站--开发区交通服务中心),18,0
579路(西苑--杏坛路南口),21,0
580路(泰河一街西口--地铁荣昌东街站),16,1
580路(地铁荣昌东街站--鹿海园三里),17,1
582路(地铁通州北关站--怡乐南街公交场站),27,0
583路(翠福园小区--地铁黄渠站),17,0
583路(地铁黄渠站--翠福园小区),17,2
585路(五棵松桥南--金庄),12,0
585路(金庄--五棵松桥南),12,0
586路(常营体育公园--孙河公交场站),27,0
586路(孙河公交场站--常营体育公园),27,0
587路(苹果派小区--京东运乔建材城),30,1
587路(京东运乔建材城--苹果派小区),32,1
590路(下念头村--昌平东关),27,0
590路(昌平东关--下念头村),26,1
591路(通州西站--乔庄),31,0
591路(乔庄--通州西站),31,0
596路(国际展览中心--清河营公交场站),27,0
596路(清河营公交场站--国际展览中心),25,1
597路(鲁谷公交场站--黑石头村),32,0
597路(黑石头村--鲁谷公交场站),32,0
598路(刘娘府北街北口--张仪村南站),26,1
599路(前门--博兴六路公交场站),44,0
599路(博兴六路公交场站--前门),44,0
601路(和平东桥--地铁北宫门站),24,0
601路(地铁北宫门站--和平东桥),24,0
602路(老君堂北站--丰台路口),29,0
602路(丰台体育中心--老君堂北站),29,1
605路(弘燕公交场站--黄杉木店),26,0
605路(黄杉木店--弘燕公交场站),22,1
607路(宏福苑小区西--和平东桥),42,1
607路(和平东桥--宏福苑小区西),39,2
609路(西三旗--金庄),37,0
609路(金庄--西三旗),37,0
611路(张仪村东站--四季青桥南),22,0
611路(四季青桥南--张仪村东站),22,0
612路(张仪村东站--北官厅),41,1
612路(北官厅--张仪村东站),41,1
614路(万柳中路北口--单村),38,0
616路(北潞园公交场站--北京西站南广场),12,0
616路(北京西站南广场--北潞园公交场站),12,0
618路(龙锦苑东五区南门--月坛体育场),46,0
620路(天通北苑--新街口豁口),31,0
620路(新街口豁口--天通北苑),35,0
621路(半截塔公交场站--大西洋新城南门),30,0
621路(大西洋新城南门--半截塔公交场站),30,0
624路(槐树岭公交场站--航天桥南),25,0
624路(航天桥东公交场站--槐树岭公交场站),26,0
625路(二拨子新村--德胜门),26,1
628路(北京市商业学校--来广营北),32,0
628路(来广营北--北京市商业学校),32,0
630路(香泉环岛--大运村公交场站),22,0
630路(大运村公交场站--香泉环岛),20,0
631路快车(黄村火车站--航天桥南),17,0
631路快车(航天桥东公交场站--黄村火车站),19,0
632路(学府树公交场站--五路),24,0
632路(五路--学府树公交场站),27,0
633路(杨坨--环保科技园),18,0
633路(环保科技园--杨坨),18,0
634路(郭庄子公交场站--保福寺桥西),37,0
634路(保福寺桥西--郭庄子公交场站),37,2
135路(康家沟--二里庄),40,1
135路(二里庄--康家沟),38,0
636路(西苑枢纽站--回南家园),37,0
636路(回南家园--西苑),36,0
637路(次渠--北京站东街),32,0
637路(北京站东--次渠),33,0
638路(北京站东--化工桥西),24,0
638路(化工桥西--北京站东街),23,0
639路(黎各庄--北京站东街),42,0
639路(北京站东--黎各庄),43,0
640路(小庄路口北--岗山村南站),41,0
640路(岗山村南站--小庄路口北),41,0
641路(金盏村--和平西桥),24,0
641路(和平西桥--金盏村),23,0
643路(朝凤庵村--天通苑北枢纽站),31,3
643路(天通苑北枢纽站--朝凤庵村),31,2
647路(万盛南街--大北窑东),25,0
647路(大北窑东--万盛南街),25,0
650路(大北窑北--焦庄桥北),22,0
650路(焦庄桥北--大北窑北),21,0
651路(西直门公交场站--柳林村),35,1
651路(柳林村--西直门),35,1
652路(开发区交通服务中心--北京南站南广场),19,0
652路(北京南站南广场--开发区交通服务中心),20,0
653路(海淀五路居--北苑家园),41,0
653路(北苑家园--海淀五路居),41,0
657路(东湖--郎辛庄),35,0
657路(郎辛庄--东湖),35,0
658路(嘉铭园公交场站--定慧桥南),34,0
658路(定慧桥南--嘉铭园公交场站),35,0
663路(小马厂--苹果园南),31,1
663路(苹果园南--小马厂),32,0
664路(厢白旗桥--地铁苹果园站),32,0
665路(鹿海园公交场站--北京南站南广场),36,0
665路(北京南站南广场--鹿海园公交场站),37,1
666路(京东运乔建材城--大北窑东),33,0
666路(大北窑东--京东运乔建材城),33,0
668路(京东运乔建材城--北京站东),24,0
668路(北京站东--京东运乔建材城),24,0
399路内环(石景山科技园--石景山科技园),21,1
12路环行(五间楼--五间楼),22,17
